anchor_count,anchor_ms,edit_distance_count,edit_distance_ms,final_count,ngram_jaccard_count,ngram_jaccard_ms,npr_mfgpn_norm,npr_mfgpn_raw,npr_partnum,progressive_prefix_count,progressive_prefix_ms,token_overlap_count,token_overlap_ms
0,0.5984000017633662,0,0.6328999988909345,4,0,0.6322999979602173,CC0402ZRY5V7BB104,CC0402ZRY5V7BB104,HY-200-004-002,4,20.246400003088638,0,8.009100001800107
0,2.232499999081483,0,2.8757000000041444,0,0,2.5348999988636933,650089012,650-089-012,HY-650-089-012,0,7.302699999854667,0,33.61429999858956
0,2.1212999999988824,0,2.748700000665849,0,0,3.2009000024117995,ERJ2GEJ224X,ERJ-2GEJ224X,HY-850-005-005,0,10.98199999978533,0,34.07650000008289
0,2.201999999670079,0,2.6703000003180932,0,0,2.646100001584273,04023C103KAT2A,04023C103KAT2A,MX-102-0213-0,0,15.904799998679664,0,36.30419999899459
