epoch,steps,cosine_pearson,cosine_spearman
1.0,18,0.7428351063649208,0.7304943077272632
